Title,URL,Rent,Address
All upgraded!!!  Quiet Community!,/brw/swp/6136211906.html,$1700, (Sunrise)
VERY NICE UPDATE LARGE TOWN HOME LOCATED IN VILLAS EAST. MUST SEE!,/brw/swp/6173499305.html,$1980, (PEMBROKE PINES)
VACATION HOME,/brw/swp/6160886146.html,"", (Jamaica)
~*Look & Lease Today!! Rest of May and June RENT FREE!!*~,/mdc/swp/6159407389.html,$2394," (Miami, FL)"
My Hallandale Beach Town home for your monterey bay,/brw/swp/6150059305.html,$2800,""
Will Trade Panama Property for Florida Property,/mdc/swp/6143059992.html,""," (Boquete, Panama)"
---WOW!!! YOU NEED TO SEE THIS TOWNHOUSE! 3/2 UNIT LOCATED IN BOYNTON BEACH---,/pbc/swp/6142895512.html,$1895, (Boynton Beach)
"Easy move in, quick, No income no credit, NO PROBLEM, Call me.",/mdc/swp/6140426807.html,$3200, (8025 SW 62 PL)
"Upgraded. Beautiful Lake view! Spacious End unit!... 3 Beds, 2 Baths",/pbc/swp/6129879753.html,$2100, (Palm Beach Gardens)
Se Renta casa en Serena Lakes/ Rent House in Kendall,/mdc/swp/6123675944.html,$1800, (14260 SW 171 Terrace)
"MH 3/2 Florida 9 Miles from the Beach, A/C, 15% Return, Built 2003 OBO",https://fortmyers.craigslist.org/lee/swp/6147124813.html,$65000,""
East TN Duplex,https://fortmyers.craigslist.org/chl/swp/6139671200.html,"",""
"3/2 N Florida 9 Miles from the Beach, A/C, 15% Return, Built 2003, OBO",https://fortmyers.craigslist.org/lee/swp/6132218123.html,$65000,""
Housing Swap,https://fortmyers.craigslist.org/lee/swp/6123856585.html,"",""
Housing Swap,https://fortmyers.craigslist.org/lee/swp/6123854252.html,"",""
TGM Palm Aire-Premium 3 Bedroom Available Now,https://sarasota.craigslist.org/swp/6154099718.html,$1700,""
trade 2004 doublewide for class a motorhome,https://lakeland.craigslist.org/swp/6160341688.html,"",""
