Title,URL,Address,Rent
All upgraded!!!  Quiet Community!,/brw/swp/6136211906.html, (Sunrise),$1700
VERY NICE UPDATE LARGE TOWN HOME LOCATED IN VILLAS EAST. MUST SEE!,/brw/swp/6173499305.html, (PEMBROKE PINES),$1700
VACATION HOME,/brw/swp/6160886146.html, (Jamaica),$1980
~*Look & Lease Today!! Rest of May and June RENT FREE!!*~,/mdc/swp/6159407389.html," (Miami, FL)",$1980
My Hallandale Beach Town home for your monterey bay,/brw/swp/6150059305.html," (Boquete, Panama)",$2394
Will Trade Panama Property for Florida Property,/mdc/swp/6143059992.html, (Boynton Beach),$2394
---WOW!!! YOU NEED TO SEE THIS TOWNHOUSE! 3/2 UNIT LOCATED IN BOYNTON BEACH---,/pbc/swp/6142895512.html, (8025 SW 62 PL),$2800
"Easy move in, quick, No income no credit, NO PROBLEM, Call me.",/mdc/swp/6140426807.html, (Palm Beach Gardens),$1895
"Upgraded. Beautiful Lake view! Spacious End unit!... 3 Beds, 2 Baths",/pbc/swp/6129879753.html, (14260 SW 171 Terrace),$1895
Se Renta casa en Serena Lakes/ Rent House in Kendall,/mdc/swp/6123675944.html,,$3200
"MH 3/2 Florida 9 Miles from the Beach, A/C, 15% Return, Built 2003 OBO",https://fortmyers.craigslist.org/lee/swp/6147124813.html,,$3200
East TN Duplex,https://fortmyers.craigslist.org/chl/swp/6139671200.html,,$2100
"3/2 N Florida 9 Miles from the Beach, A/C, 15% Return, Built 2003, OBO",https://fortmyers.craigslist.org/lee/swp/6132218123.html,,$2100
Housing Swap,https://fortmyers.craigslist.org/lee/swp/6123856585.html,,$1800
Housing Swap,https://fortmyers.craigslist.org/lee/swp/6123854252.html,,$65000
TGM Palm Aire-Premium 3 Bedroom Available Now,https://sarasota.craigslist.org/swp/6154099718.html,,$65000
"3x2 Great Sarasota Location, Great Price!-Available May 23rd!!",https://sarasota.craigslist.org/swp/6118914530.html,,$65000
trade 2004 doublewide for class a motorhome,https://lakeland.craigslist.org/swp/6160341688.html,,$65000
